,#,선수명,팀명,승,패,세,경기,선발,이닝,삼진/9,볼넷/9,홈런/9,BABIP,LOB%,ERA,RA9-WAR,FIP,kFIP,WAR,year
0,1,선동열,해태,16,5,10,31,12,178.3,10.09,1.77,0.15,0.269,83.90,1.21,9.55,0.63,1.26,12.18,1988
1,2,윤학길,롯데,18,10,3,35,25,234.0,4.73,2.04,0.35,0.307,73.10,3.15,5.20,2.64,2.73,6.62,1988
2,3,최동원,롯데,7,3,3,16,4,83.3,8.96,2.59,0.43,0.317,80.90,2.05,2.51,1.48,2.00,3.73,1988
3,4,한희민,빙그레,16,5,5,31,20,188.0,4.93,2.63,0.77,0.293,78.20,3.11,4.11,3.43,3.55,3.00,1988
4,5,오영일,MBC,7,11,2,28,21,176.0,3.27,2.56,0.46,0.323,71.90,3.48,2.09,3.44,3.39,2.86,1988
5,6,김진욱,OB,11,8,2,29,14,139.3,4.72,2.91,0.39,0.264,72.90,3.10,2.83,3.09,3.19,2.58,1988
6,7,이상군,빙그레,10,3,16,38,8,135.0,3.13,1.47,0.47,0.254,79.10,2.40,4.48,3.15,3.07,2.34,1988
7,8,최일언,OB,6,4,0,20,13,115.7,3.89,3.73,0.00,0.271,78.40,2.18,3.72,3.07,3.09,2.31,1988
8,9,김성길,삼성,8,4,6,38,15,151.3,3.69,1.84,0.59,0.282,78.50,2.80,3.73,3.31,3.29,2.26,1988
9,10,박동수,롯데,7,8,2,31,13,114.3,4.64,2.13,0.47,0.324,67.70,3.62,0.41,2.99,3.07,2.20,1988
10,11,양상문,태평양,9,12,3,38,23,169.3,3.61,2.87,0.64,0.301,67.80,3.83,0.77,3.71,3.69,1.87,1988
11,12,김훈기,삼성,10,5,3,27,10,118.0,3.81,1.75,0.61,0.250,71.90,2.75,2.31,3.23,3.22,1.84,1988
12,13,신완근,태평양,2,9,3,37,4,139.0,4.73,2.85,0.52,0.296,66.20,4.01,0.13,3.19,3.29,1.83,1988
13,14,김홍명,빙그레,8,13,0,24,22,151.7,3.62,4.27,0.47,0.306,71.40,4.27,1.62,3.85,3.84,1.79,1988
14,15,김용수,MBC,3,5,11,34,3,98.7,4.65,2.83,0.46,0.335,69.70,4.47,0.01,3.12,3.21,1.54,1988
15,16,이상윤,해태,16,6,0,30,22,137.0,3.61,4.93,0.20,0.222,70.00,2.89,2.48,3.76,3.77,1.53,1988
16,17,김용남,빙그레,8,6,1,27,16,122.7,3.01,1.83,0.66,0.324,66.90,4.11,0.27,3.59,3.50,1.51,1988
17,18,이상구,태평양,4,6,1,31,3,87.0,5.07,3.31,0.31,0.281,53.90,5.07,-0.82,2.87,3.00,1.51,1988
18,19,이용철,MBC,7,11,0,29,19,144.3,2.87,3.43,0.31,0.275,71.00,2.74,2.06,3.77,3.68,1.49,1988
19,20,문희수,해태,8,7,3,26,13,110.3,4.49,2.69,0.73,0.261,73.50,3.02,1.85,3.47,3.54,1.49,1988
20,21,차동철,해태,10,6,1,32,15,146.0,2.77,1.29,0.68,0.287,69.30,3.33,1.37,3.66,3.54,1.47,1988
21,22,윤석환,OB,13,3,14,40,1,108.0,4.42,3.17,0.50,0.272,84.60,2.08,3.53,3.23,3.29,1.43,1988
22,23,조병천,태평양,2,10,1,28,15,128.0,2.81,3.09,0.42,0.289,70.30,3.94,1.36,3.65,3.55,1.40,1988
23,24,신동수,해태,5,2,1,22,11,81.3,4.43,2.10,0.66,0.307,83.30,2.43,2.27,3.24,3.29,1.33,1988
24,25,이동석,빙그레,7,3,2,17,10,76.0,3.20,2.37,0.36,0.273,67.50,3.67,1.00,3.32,3.25,1.27,1988
25,26,방수원,해태,2,1,6,28,2,80.0,2.59,2.59,0.11,0.231,82.00,1.69,3.00,3.19,3.07,1.09,1988
26,27,김시진,삼성,11,9,0,25,19,144.3,4.18,4.36,0.62,0.219,71.80,3.49,2.32,4.08,4.13,1.05,1988
27,28,김신부,태평양,9,8,1,29,17,123.3,2.77,2.12,0.58,0.278,67.60,3.87,0.71,3.89,3.78,1.00,1988
28,29,한오종,OB,4,4,0,26,19,115.7,4.67,4.44,0.70,0.279,73.40,3.81,1.36,3.98,4.08,0.96,1988
29,30,노상수,롯데,4,5,5,28,14,104.7,3.53,2.32,0.77,0.276,61.90,4.73,-0.18,3.83,3.80,0.90,1988
30,31,김정수c,해태,3,2,0,11,9,54.3,3.81,3.81,0.33,0.253,75.50,2.48,1.40,3.52,3.54,0.83,1988
31,32,김정행,롯데,8,4,0,15,15,94.0,2.78,4.79,0.29,0.256,70.30,3.64,1.45,4.15,4.07,0.82,1988
32,33,계형철,OB,10,12,2,33,18,129.7,3.33,4.30,0.49,0.266,71.90,3.75,1.49,4.01,3.97,0.81,1988
33,34,장호연,OB,8,12,1,36,21,146.0,2.84,2.71,0.74,0.300,69.80,3.95,0.69,4.08,3.98,0.80,1988
34,35,김대중,빙그레,7,7,1,23,18,119.0,2.72,2.57,0.68,0.300,75.00,3.86,1.66,4.21,4.09,0.71,1988
35,36,손문곤,빙그레,2,3,0,17,7,54.0,3.33,2.83,0.33,0.337,57.50,5.67,-0.92,3.42,3.37,0.68,1988
36,37,오명록,롯데,6,7,1,19,14,90.0,4.30,4.00,0.80,0.269,67.10,3.70,0.35,4.08,4.14,0.65,1988
37,38,문병권,MBC,1,3,0,19,8,65.3,3.58,2.89,0.55,0.292,72.60,3.72,0.73,3.66,3.63,0.62,1988
38,39,천창호,빙그레,1,1,1,17,0,21.7,7.48,0.83,0.83,0.250,78.90,2.49,0.56,2.04,2.39,0.61,1988
39,40,안창완,롯데,1,3,2,29,3,62.3,3.75,3.75,0.43,0.265,65.60,4.33,0.15,3.62,3.62,0.44,1988
40,41,박상범,태평양,1,1,0,10,4,33.0,5.45,1.36,1.09,0.339,51.90,7.09,-0.76,3.43,3.58,0.41,1988
41,42,이문한,롯데,3,1,1,16,4,57.0,4.11,2.68,0.79,0.210,76.90,2.68,1.28,3.73,3.75,0.40,1988
42,43,김봉근,태평양,4,11,0,22,17,93.7,2.40,1.25,1.15,0.322,63.50,5.00,-0.59,4.35,4.19,0.36,1988
43,44,김종석,롯데,0,5,0,20,10,55.0,3.76,4.75,0.33,0.321,64.70,4.75,-0.44,3.94,3.96,0.35,1988
44,45,이길환,MBC,10,4,0,24,15,122.3,2.06,2.35,0.81,0.280,70.10,3.53,0.90,4.36,4.17,0.29,1988
45,46,진동한,삼성,2,3,1,18,9,54.3,1.66,3.64,0.33,0.313,69.70,4.64,0.24,4.11,3.90,0.23,1988
46,47,송유석,해태,1,0,0,3,1,15.3,2.93,3.52,0.00,0.314,72.70,3.52,0.25,3.18,3.10,0.23,1988
47,48,홍성연,삼성,3,1,0,13,5,52.7,2.05,3.25,0.34,0.333,56.50,6.66,-1.24,4.04,3.87,0.21,1988
48,49,예병준,MBC,1,6,0,12,6,50.3,2.50,4.47,0.36,0.311,76.30,3.93,0.53,4.21,4.09,0.15,1988
49,50,임재준,빙그레,0,0,0,2,0,3.7,4.91,0.00,0.00,0.000,0.00,0.00,0.21,1.40,1.49,0.13,1988
50,51,유종겸,MBC,4,7,1,23,13,109.0,3.72,5.37,0.58,0.267,69.90,4.13,0.37,4.42,4.43,0.12,1988
51,52,하창우,OB,0,1,0,5,3,16.3,1.10,1.65,0.55,0.339,52.80,6.61,-0.36,4.15,3.86,0.08,1988
52,53,이현택,삼성,0,0,0,6,1,9.0,6.00,9.00,0.00,0.414,71.40,6.00,-0.13,3.63,3.91,0.07,1988
53,54,이척기,빙그레,0,0,0,4,0,2.3,3.86,7.72,0.00,0.375,80.00,3.86,0.02,1.74,1.72,0.07,1988
54,55,최진영,삼성,0,0,0,1,0,2.7,3.38,3.38,0.00,0.500,66.70,3.38,-0.06,2.99,2.95,0.04,1988
55,56,박노준,OB,0,0,0,1,1,3.0,3.00,3.00,0.00,0.357,14.30,18.00,-0.31,3.99,3.91,0.03,1988
56,57,김대현,해태,7,6,2,31,19,136.7,3.10,2.90,0.99,0.264,69.50,4.54,0.61,4.53,4.46,0.00,1988
57,58,김재열,빙그레,0,0,0,1,0,1.0,0.00,9.00,0.00,0.667,20.00,36.00,-0.29,5.90,5.58,-0.02,1988
58,59,안성수,빙그레,0,1,0,1,1,2.0,0.00,9.00,0.00,0.455,57.10,13.50,-0.16,5.90,5.58,-0.03,1988
59,60,이동수,태평양,0,0,0,2,0,5.0,1.80,7.20,0.00,0.278,77.80,1.80,0.06,4.74,4.58,-0.04,1988
60,61,강만식,빙그레,0,0,0,2,0,1.3,0.00,13.50,0.00,0.000,100.00,0.00,0.07,7.36,7.08,-0.06,1988
61,62,임호균,태평양,0,3,0,5,4,14.0,2.57,6.43,0.64,0.423,63.30,7.07,-0.45,5.17,5.08,-0.09,1988
62,63,최창호,태평양,0,1,0,3,1,6.7,4.05,5.40,1.35,0.250,46.50,8.10,-0.23,5.38,5.43,-0.09,1988
63,64,지성규,빙그레,0,0,0,5,1,13.7,2.63,5.27,0.66,0.283,77.70,3.95,0.13,4.79,4.70,-0.10,1988
64,65,성준,삼성,11,8,2,31,21,159.7,3.33,4.17,0.96,0.236,77.00,3.33,2.70,4.65,4.61,-0.12,1988
65,66,구명근,롯데,0,0,0,2,0,5.0,1.80,3.60,1.80,0.440,71.40,9.00,-0.23,6.18,5.98,-0.13,1988
66,67,서정용,롯데,3,3,1,14,5,47.0,3.06,4.02,0.77,0.263,80.40,3.06,0.84,4.54,4.47,-0.13,1988
67,68,조도연,해태,0,1,0,6,2,9.7,1.86,7.45,0.00,0.276,77.80,3.72,0.13,5.42,5.27,-0.14,1988
68,69,강상진,해태,0,0,0,1,0,1.0,0.00,45.00,0.00,0.500,42.90,27.00,-0.29,17.54,17.58,-0.16,1988
69,70,이충우,태평양,0,0,0,2,0,3.0,3.00,3.00,3.00,0.462,39.50,18.00,-0.40,8.34,8.24,-0.16,1988
70,71,김연철,빙그레,0,1,0,3,0,7.0,2.57,0.00,2.57,0.333,61.00,6.43,-0.24,5.88,5.72,-0.16,1988
71,72,정윤수,삼성,0,3,1,8,3,21.7,4.15,4.15,1.25,0.329,63.20,7.06,-0.54,4.94,4.98,-0.17,1988
72,73,권영호,삼성,7,5,7,29,4,72.3,2.99,4.98,0.62,0.247,73.70,3.73,0.68,4.33,4.26,-0.19,1988
73,74,김응국,롯데,0,0,0,8,1,19.7,2.75,5.95,0.46,0.329,74.50,5.03,-0.08,4.99,4.92,-0.21,1988
74,75,이상훈,OB,2,2,0,27,7,84.0,3.11,3.64,0.86,0.251,66.50,4.50,-0.01,4.48,4.41,-0.24,1988
75,76,권기홍,삼성,0,0,0,2,0,2.3,0.00,0.00,7.72,0.300,45.50,15.43,-0.27,14.17,13.72,-0.28,1988
76,77,이국성,MBC,2,1,0,20,3,55.7,4.85,5.34,0.97,0.278,76.30,4.20,0.22,4.55,4.68,-0.28,1988
77,78,장정순,빙그레,1,1,2,13,1,32.3,4.45,4.18,1.11,0.295,68.20,5.01,-0.47,4.79,4.87,-0.31,1988
78,79,정용생,삼성,0,3,0,10,3,28.0,2.25,5.46,0.96,0.350,59.80,7.71,-0.95,5.33,5.19,-0.37,1988
79,80,박정현,태평양,0,1,0,6,2,18.7,3.86,3.86,1.93,0.339,61.20,7.71,-0.65,6.10,6.11,-0.41,1988
80,81,김강익,OB,0,1,0,6,2,15.3,1.76,2.93,2.35,0.220,76.40,5.28,-0.07,6.77,6.56,-0.46,1988
81,82,배경환,태평양,1,7,0,13,11,52.3,3.10,3.96,1.55,0.262,59.90,6.71,-0.84,5.51,5.44,-0.50,1988
82,83,김일부,태평양,2,4,2,23,7,72.0,4.88,4.25,1.25,0.278,75.30,4.38,0.08,4.85,4.97,-0.53,1988
83,84,양일환,삼성,1,2,0,10,4,29.3,3.07,4.60,1.23,0.302,54.30,8.90,-1.29,6.08,6.02,-0.62,1988
84,85,장태수,삼성,1,4,0,15,5,37.7,1.67,5.73,0.96,0.272,60.60,5.97,-0.85,5.61,5.42,-0.62,1988
85,86,박동경,삼성,0,1,0,13,4,39.3,1.83,5.95,0.92,0.321,72.40,5.03,-0.38,5.88,5.71,-0.77,1988
86,87,전용권,삼성,2,2,1,14,5,46.0,1.57,4.30,1.17,0.280,71.80,5.09,-0.31,5.71,5.49,-0.81,1988
87,88,황태환,OB,0,2,0,23,3,49.7,1.99,3.81,1.27,0.285,59.80,6.52,-1.21,5.47,5.30,-0.84,1988
88,89,최상주,해태,0,2,0,7,2,18.0,3.00,2.50,4.00,0.206,47.30,7.50,-0.87,8.46,8.36,-0.89,1988
89,90,한용덕,빙그레,2,1,0,12,4,41.3,3.48,4.57,1.96,0.254,94.90,3.05,0.79,6.18,6.16,-0.93,1988
90,91,박상열,OB,0,3,0,13,6,46.7,2.31,4.44,1.74,0.270,68.20,5.59,-0.79,6.45,6.31,-1.13,1988
91,92,정삼흠,MBC,5,16,0,27,20,139.7,2.77,3.93,1.29,0.297,67.60,5.67,-1.36,5.49,5.39,-1.39,1988
92,1,최동원,롯데,14,12,2,32,25,224.0,6.55,2.45,0.24,0.318,74.20,2.81,4.78,1.96,2.24,8.14,1987
93,2,선동열,해태,14,2,6,31,26,162.0,8.00,2.61,0.11,0.222,86.60,0.89,8.46,1.33,1.76,7.49,1987
94,3,한희민,빙그레,13,8,4,30,22,206.0,5.07,1.92,0.31,0.248,72.10,2.36,5.94,2.33,2.45,6.44,1987
95,4,윤학길,롯데,13,10,1,31,22,200.0,3.78,2.79,0.18,0.290,75.90,2.57,4.80,2.79,2.79,4.27,1987
96,5,이상군,빙그레,18,11,2,33,29,246.7,3.10,1.90,0.47,0.265,76.60,2.55,6.26,3.28,3.21,3.89,1987
97,6,장호연,OB,15,8,6,32,21,188.3,3.49,3.54,0.05,0.276,74.00,2.82,4.22,3.10,3.08,3.36,1987
98,7,김진욱,OB,4,7,6,32,19,150.3,4.85,3.47,0.18,0.264,74.70,2.57,3.48,2.71,2.83,3.18,1987
99,8,김시진,삼성,23,6,0,33,11,193.3,5.26,4.47,0.42,0.271,76.40,3.12,3.76,3.32,3.49,2.86,1987
100,9,김용수,MBC,9,5,24,52,50,141.0,4.53,2.30,0.38,0.237,81.80,1.98,4.76,2.67,2.74,2.80,1987
101,10,김건우,MBC,12,7,0,26,6,163.3,3.09,2.81,0.28,0.295,78.30,2.64,4.23,3.24,3.17,2.71,1987
102,11,최일언,OB,14,8,1,24,13,154.7,4.07,4.07,0.23,0.262,76.70,2.56,3.83,3.33,3.37,2.27,1987
103,12,정삼흠,MBC,6,13,2,33,17,195.3,3.92,3.36,0.46,0.263,77.20,2.86,4.08,3.43,3.45,2.12,1987
104,13,김정행,롯데,6,5,0,17,5,102.0,4.06,3.62,0.26,0.282,69.30,3.62,1.43,3.14,3.18,1.95,1987
105,14,박동수,롯데,9,8,3,32,17,140.0,4.56,1.74,0.64,0.327,69.50,4.24,0.06,3.17,3.24,1.92,1987
106,15,차동철,해태,9,11,0,35,12,159.7,2.76,2.20,0.45,0.280,71.70,3.16,2.30,3.40,3.29,1.91,1987
107,16,계형철,OB,8,12,0,25,6,148.3,3.22,4.49,0.18,0.246,72.30,2.61,2.75,3.67,3.63,1.67,1987
108,17,오명록,롯데,5,3,0,13,6,76.7,4.81,3.52,0.23,0.279,76.10,2.93,1.69,2.80,2.91,1.57,1987
109,18,김정수c,해태,6,7,0,23,6,80.3,8.74,6.39,0.45,0.262,62.90,4.37,-0.53,2.91,3.45,1.49,1987
110,19,문희수,해태,7,7,2,22,11,109.3,3.05,2.22,0.41,0.244,76.10,2.22,2.88,3.29,3.21,1.48,1987
111,20,양상문,청보,12,13,0,36,19,209.3,3.61,2.84,0.77,0.253,73.60,3.10,2.77,3.79,3.77,1.35,1987
112,21,윤석환,OB,7,8,2,25,10,105.0,3.51,3.26,0.43,0.330,72.60,3.94,0.58,3.44,3.42,1.10,1987
113,22,신동수,해태,5,4,0,31,10,127.7,4.72,3.74,0.70,0.264,77.90,3.03,2.03,3.55,3.66,0.99,1987
114,23,김용남,빙그레,4,5,0,16,7,87.7,3.80,1.95,0.82,0.331,69.50,4.72,0.02,3.53,3.53,0.97,1987
115,24,유종겸,MBC,7,5,0,18,2,88.3,3.57,4.08,0.31,0.271,78.00,2.24,1.96,3.65,3.64,0.86,1987
116,25,방수원,해태,3,2,3,23,15,65.7,3.97,2.74,0.27,0.314,60.30,4.25,-0.87,3.01,3.03,0.77,1987
117,26,배경환,청보,4,7,2,26,15,104.7,2.58,2.41,0.60,0.297,67.80,3.70,0.01,3.61,3.48,0.73,1987
118,27,진동한,삼성,12,6,2,28,7,144.0,2.13,3.06,0.50,0.283,76.30,2.81,2.55,4.01,3.84,0.63,1987
119,28,양일환,삼성,8,4,1,18,9,86.0,3.66,3.56,0.42,0.234,82.00,1.88,2.63,3.66,3.65,0.61,1987
120,29,박철순,OB,2,0,1,5,2,24.0,4.13,3.38,0.00,0.230,73.10,2.25,0.73,2.63,2.68,0.60,1987
121,30,정은배,청보,1,3,3,22,11,60.7,4.01,2.82,0.59,0.386,66.10,5.19,-1.09,3.30,3.32,0.59,1987
122,31,임호균,청보,9,10,0,27,13,173.7,1.97,4.15,0.41,0.293,73.50,3.78,1.67,4.13,3.96,0.57,1987
123,32,이상윤,해태,2,4,0,12,0,42.0,2.79,4.07,0.21,0.302,61.90,4.93,-0.20,3.67,3.59,0.49,1987
124,33,오영일,MBC,9,8,0,30,3,143.3,2.57,3.20,0.63,0.287,69.30,4.27,0.40,4.13,4.02,0.44,1987
125,34,조병천,청보,4,4,0,19,12,78.3,4.37,1.84,1.03,0.300,64.60,4.71,-0.55,3.67,3.72,0.38,1987
126,35,김대중,빙그레,2,6,0,13,4,75.7,3.69,3.21,0.71,0.237,65.10,4.16,0.22,3.95,3.95,0.36,1987
127,36,노상수,롯데,4,2,0,13,5,66.0,3.41,2.73,0.68,0.295,71.60,4.23,0.35,3.87,3.83,0.34,1987
128,37,김태원,MBC,0,2,0,10,7,32.0,4.50,1.97,0.56,0.407,50.70,8.44,-1.54,3.34,3.40,0.27,1987
129,38,예병준,MBC,1,1,0,15,6,39.7,2.50,2.27,0.45,0.310,62.70,3.86,-0.30,3.54,3.40,0.27,1987
130,39,이길환,MBC,4,4,0,20,8,73.3,2.45,3.31,0.37,0.309,67.40,4.42,-0.31,3.85,3.72,0.27,1987
131,40,김성길,삼성,0,1,3,11,9,31.0,3.77,2.03,0.58,0.276,72.60,3.19,0.26,3.35,3.34,0.25,1987
132,41,김기태b,삼성,7,5,0,17,7,95.0,4.36,4.55,0.76,0.274,66.80,4.74,-0.35,4.26,4.33,0.25,1987
133,42,이충우,롯데,0,0,0,9,8,20.7,3.92,1.74,0.44,0.274,73.20,3.05,0.21,2.95,2.95,0.25,1987
134,43,안창완,롯데,1,3,3,20,11,51.3,5.08,5.96,0.35,0.292,70.70,4.21,-0.06,3.67,3.83,0.21,1987
135,44,이선희,MBC,1,3,0,14,3,38.3,4.93,5.40,0.23,0.311,67.60,5.40,-0.31,3.84,3.98,0.17,1987
136,45,박상열,OB,3,3,1,16,6,58.7,2.30,3.99,0.31,0.321,70.60,3.84,-0.14,4.02,3.88,0.12,1987
137,46,황기선,OB,0,0,0,2,2,1.7,10.80,0.00,0.00,0.429,0.00,0.00,-0.22,-0.63,0.07,0.11,1987
138,47,이상훈,청보,0,0,0,4,2,6.0,7.50,7.50,0.00,0.421,46.20,10.50,-0.42,2.87,3.30,0.08,1987
139,48,이척기,삼성,0,0,0,1,0,2.0,4.50,0.00,0.00,0.286,0.00,9.00,-0.11,1.42,1.47,0.07,1987
140,49,장태수,삼성,1,1,2,26,13,63.7,2.26,3.68,0.28,0.322,68.90,4.66,-0.30,3.84,3.69,0.06,1987
141,50,정선두,청보,0,0,0,5,3,9.7,1.86,3.72,0.00,0.389,55.60,7.45,-0.35,3.48,3.30,0.04,1987
142,51,김대현,해태,9,5,3,31,13,142.3,3.22,3.35,0.76,0.241,80.60,2.78,2.97,4.06,4.01,0.04,1987
143,52,김종석,롯데,1,4,0,13,3,42.7,3.38,4.22,0.63,0.302,72.90,4.22,0.05,4.14,4.11,0.03,1987
144,53,김봉근,청,11,1,11,0,17,2.0,4.50,27.00,733.50,0.849,159.50,73.00,0.00,1025.09,1020.47,0.00,1987
145,54,김신부,청,10,1,11,0,16,1.0,9.00,9.00,1188.00,0.808,158.10,51.00,0.00,1646.08,1638.47,0.00,1987
146,55,김연철,빙그레,1,7,0,20,11,74.3,2.30,2.30,0.73,0.337,67.20,4.96,-0.76,4.13,3.97,-0.01,1987
147,56,최진영,삼성,0,1,0,1,0,2.0,0.00,9.00,0.00,0.250,75.00,4.50,0.02,5.79,5.47,-0.03,1987
148,57,김경남,OB,0,0,0,2,2,5.0,3.60,0.00,1.80,0.400,65.80,7.20,-0.17,4.32,4.27,-0.04,1987
149,58,이문한,롯데,1,0,0,13,5,36.0,4.00,6.00,0.50,0.213,82.30,2.75,0.84,4.16,4.22,-0.04,1987
150,59,최상주,해태,0,0,0,3,3,5.3,0.00,5.06,0.00,0.423,50.00,11.81,-0.44,4.51,4.16,-0.05,1987
151,60,김상기,청보,0,0,0,3,2,2.3,0.00,7.72,0.00,0.375,60.00,7.71,-0.10,5.37,5.04,-0.05,1987
152,61,최창호,청보,0,1,0,8,4,16.7,3.78,5.94,0.54,0.333,58.80,7.56,-0.60,4.18,4.21,-0.07,1987
153,62,민문식,빙그레,0,0,0,3,2,5.7,4.77,4.77,1.59,0.316,81.40,3.18,-0.03,5.17,5.29,-0.11,1987
154,63,박동경,삼성,1,1,0,8,4,29.7,3.03,4.85,0.61,0.303,69.30,5.16,-0.15,4.44,4.39,-0.11,1987
155,64,김준희,삼성,0,0,0,4,0,7.0,0.00,7.71,0.00,0.406,42.10,14.14,-0.71,5.37,5.04,-0.13,1987
156,65,권영호,삼성,5,3,18,32,25,89.7,2.81,3.01,0.70,0.234,81.70,2.41,2.38,3.93,3.83,-0.14,1987
157,66,전용권,삼성,0,0,0,1,0,0.3,0.00,0.00,27.03,0.667,0.00,81.00,-0.25,42.04,41.51,-0.16,1987
158,67,오문현,빙그레,0,1,0,2,0,2.0,0.00,22.50,0.00,0.333,50.00,18.00,-0.29,10.15,9.97,-0.16,1987
159,68,황태환,OB,2,3,5,28,12,65.7,2.74,2.74,0.82,0.289,60.70,5.48,-1.13,4.07,3.96,-0.17,1987
160,69,정성만,롯데,0,2,0,4,1,16.3,2.20,4.41,1.10,0.323,53.20,6.61,-0.64,5.37,5.22,-0.21,1987
161,70,한오종,OB,0,0,0,3,2,5.0,1.80,7.20,1.80,0.133,71.40,5.40,-0.07,7.23,7.07,-0.22,1987
162,71,권기홍,삼성,0,4,0,8,1,25.7,3.51,4.91,1.05,0.374,60.20,7.01,-1.01,4.85,4.84,-0.23,1987
163,72,이진우,청보,0,4,1,15,5,30.0,5.10,6.60,0.90,0.293,53.10,6.60,-1.32,4.66,4.83,-0.24,1987
164,73,성준,삼성,4,7,1,21,7,109.0,2.64,3.88,0.91,0.279,80.10,3.55,1.66,4.49,4.38,-0.27,1987
165,74,하기룡,MBC,1,3,0,15,6,57.0,2.53,2.68,0.95,0.271,76.70,4.11,0.36,4.46,4.33,-0.28,1987
166,75,박형열,OB,0,0,0,1,1,1.0,9.00,18.00,18.00,0.500,90.90,27.00,-0.23,31.86,32.47,-0.30,1987
167,76,천창호,빙그레,4,7,0,25,12,97.3,2.40,2.96,0.83,0.287,78.10,3.51,0.99,4.23,4.09,-0.30,1987
168,77,이동수,청보,1,1,0,7,1,16.0,3.38,2.81,1.69,0.375,36.90,12.38,-1.38,5.51,5.47,-0.32,1987
169,78,송유석,해태,0,0,0,4,2,15.7,2.30,5.17,1.15,0.302,79.40,2.87,-0.02,5.66,5.53,-0.33,1987
170,79,임재준,빙그레,0,2,0,4,0,8.0,5.63,7.88,2.25,0.393,62.50,10.13,-0.56,7.61,7.84,-0.35,1987
171,80,조도연,해태,0,2,0,13,5,27.0,3.00,4.33,1.33,0.365,65.50,7.33,-0.94,5.35,5.28,-0.46,1987
172,81,손문곤,빙그레,1,4,1,19,11,49.3,4.01,4.74,1.09,0.286,57.30,6.93,-1.49,4.70,4.74,-0.48,1987
173,82,강상진,해태,0,4,0,13,5,45.0,2.60,6.40,0.40,0.303,61.60,6.40,-1.16,4.82,4.73,-0.51,1987
174,83,강만식,해/빙,2,3,0,5,0,28.0,1.29,3.54,1.61,0.232,60.60,6.11,-0.36,6.15,5.90,-0.51,1987
175,84,김훈기,삼성,3,5,3,24,15,80.7,2.45,4.57,0.56,0.272,71.50,4.02,-0.18,4.45,4.33,-0.54,1987
176,85,박노준,OB,0,1,0,9,7,16.0,4.50,7.88,1.69,0.265,74.60,6.19,-0.34,6.60,6.72,-0.57,1987
177,86,김재열,빙그레,1,1,0,12,6,39.3,2.29,3.66,1.37,0.316,73.40,4.58,-0.42,5.54,5.39,-0.76,1987
178,87,이동석,빙그레,1,2,0,13,4,35.3,1.53,5.09,1.53,0.324,60.40,6.37,-1.55,6.33,6.12,-1.02,1987
179,88,김강익,OB,0,2,0,12,5,37.0,0.97,4.38,1.70,0.274,74.70,5.11,-0.47,6.37,6.09,-1.12,1987
180,1,선동열,해태,24,6,6,39,22,262.7,7.33,1.78,0.07,0.221,83.20,0.99,12.91,0.84,1.16,14.53,1986
181,2,최동원,롯데,19,14,2,39,21,267.0,7.01,1.85,0.24,0.268,80.30,1.55,9.01,1.20,1.49,11.84,1986
182,3,김건우,MBC,18,6,0,37,29,229.3,4.00,2.43,0.24,0.235,77.00,1.81,6.56,2.45,2.44,4.92,1986
183,4,이상군,빙그레,12,17,1,35,30,243.3,3.85,1.59,0.63,0.259,73.90,2.63,4.31,2.79,2.76,4.07,1986
184,5,최일언,OB,19,4,2,33,23,221.7,4.10,4.10,0.08,0.213,81.10,1.58,7.99,2.67,2.69,3.85,1986
185,6,박동수,롯데,8,7,3,30,13,148.7,4.12,1.88,0.12,0.271,71.20,2.54,2.16,2.15,2.14,3.59,1986
186,7,김용수,MBC,9,9,26,60,3,178.0,3.74,2.98,0.20,0.229,81.30,1.67,5.72,2.50,2.46,2.84,1986
187,8,한희민,빙그레,9,13,0,29,19,175.3,6.31,2.52,0.92,0.245,75.40,3.13,2.27,2.77,3.00,2.59,1986
188,9,박노준,OB,5,6,7,33,9,110.3,4.98,2.94,0.33,0.265,77.00,2.28,2.21,2.33,2.42,2.22,1986
189,10,김일융,삼성,13,4,0,19,19,138.7,3.89,2.92,0.52,0.251,77.00,2.53,3.02,2.91,2.89,2.22,1986
190,11,유종겸,MBC,10,7,0,41,15,145.7,5.19,3.03,0.49,0.282,71.30,3.03,0.83,2.61,2.73,2.10,1986
191,12,차동철,해태,10,4,3,33,21,131.0,2.40,1.65,0.27,0.283,74.30,2.82,2.26,2.76,2.58,2.02,1986
192,13,성준,삼성,15,5,2,29,19,149.0,3.62,2.42,0.54,0.259,78.60,2.36,3.14,2.91,2.86,1.93,1986
193,14,김시진,삼성,16,6,3,30,26,196.7,3.98,5.03,0.27,0.262,77.80,2.47,4.04,3.28,3.29,1.84,1986
194,15,김기태b,청보,9,14,5,42,12,175.3,5.60,3.39,0.62,0.282,74.90,3.18,0.96,2.90,3.06,1.68,1986
195,16,장호연,OB,13,9,3,31,22,165.7,2.39,2.44,0.38,0.237,79.60,1.90,4.64,3.19,3.02,1.51,1986
196,17,오명록,롯데,4,4,0,23,8,71.3,6.56,3.53,0.38,0.309,67.50,3.91,-0.31,2.25,2.51,1.44,1986
197,18,김정수c,해태,9,6,5,41,13,125.7,6.59,6.37,0.36,0.259,74.30,2.65,0.65,3.03,3.32,0.97,1986
198,19,조병천,청보,1,6,0,30,9,94.7,4.56,3.52,0.48,0.301,64.30,4.66,-1.03,2.86,2.92,0.92,1986
199,20,권영호,삼성,7,7,19,38,10,146.3,4.55,3.26,0.74,0.245,81.00,2.77,3.01,3.14,3.19,0.91,1986
200,21,방수원,해태,2,4,5,29,1,63.0,4.86,2.43,0.43,0.309,73.30,2.86,0.21,2.49,2.57,0.89,1986
201,22,김용남,해태,0,0,2,13,2,30.7,6.46,1.76,0.59,0.398,66.40,4.70,-0.63,1.75,1.98,0.87,1986
202,23,문희수,해태,7,2,0,15,11,75.0,2.64,2.88,0.24,0.269,73.20,3.00,1.23,3.06,2.91,0.82,1986
203,24,윤학길,롯데,1,2,2,25,3,88.0,4.09,2.25,0.61,0.294,75.50,2.76,0.64,2.81,2.80,0.81,1986
204,25,김정행,롯데,7,7,0,20,18,118.0,3.89,4.65,0.38,0.245,78.70,2.90,2.44,3.49,3.49,0.72,1986
205,26,이상윤,해태,10,5,0,21,18,115.0,3.68,3.99,0.55,0.233,74.00,2.97,1.59,3.46,3.43,0.71,1986
206,27,박철순,OB,5,3,0,13,7,53.3,4.89,3.71,0.51,0.272,70.50,3.54,0.32,2.86,2.96,0.65,1986
207,28,계형철,OB,5,7,0,22,21,111.0,3.81,4.05,0.65,0.255,72.70,3.16,1.11,3.58,3.57,0.58,1986
208,29,김태원,MBC,2,6,3,33,12,107.0,4.21,3.45,0.67,0.240,79.80,2.86,1.86,3.24,3.26,0.50,1986
209,30,성낙수,빙그레,0,4,0,15,4,42.3,4.25,1.91,0.64,0.265,60.30,4.04,-0.29,2.75,2.76,0.47,1986
210,31,양상문,롯데,1,2,0,21,4,37.3,5.06,2.17,0.48,0.238,86.40,1.93,1.07,2.68,2.77,0.43,1986
211,32,김진욱,OB,4,6,3,28,7,81.7,4.52,4.52,0.44,0.300,68.70,4.08,-0.67,3.22,3.29,0.31,1986
212,33,하기룡,MBC,6,1,0,29,13,100.7,2.15,2.77,0.45,0.306,69.90,4.11,-0.24,3.40,3.20,0.30,1986
213,34,이진우,롯데,1,0,0,16,6,40.0,3.83,4.73,0.23,0.295,78.90,2.03,0.56,3.13,3.12,0.25,1986
214,35,이선희,MBC,0,2,0,7,2,17.7,6.11,1.53,1.02,0.383,64.90,5.09,-0.42,2.67,2.87,0.22,1986
215,36,황태환,OB,3,3,3,28,1,73.3,4.42,2.58,0.86,0.266,83.70,2.45,1.16,3.16,3.19,0.19,1986
216,37,김준희,삼성,0,0,0,8,0,13.7,4.61,3.95,0.00,0.380,66.70,5.93,-0.34,2.74,2.81,0.12,1986
217,38,최계훈,청보,6,14,2,32,18,159.3,3.50,3.78,0.68,0.290,71.60,3.67,-0.17,3.63,3.57,0.12,1986
218,39,이길환,MBC,1,0,0,4,1,10.0,1.80,0.90,0.00,0.351,68.80,4.50,-0.05,2.82,2.57,0.10,1986
219,40,예병준,MBC,0,0,0,5,0,11.0,2.45,3.27,0.00,0.422,56.50,8.18,-0.55,2.78,2.62,0.09,1986
220,41,손문곤,빙그레,2,5,0,28,12,117.0,2.77,3.62,0.46,0.283,73.30,3.38,0.51,3.53,3.41,0.09,1986
221,42,신동수,해태,0,1,0,9,3,19.0,4.26,2.37,0.95,0.352,44.50,8.53,-1.07,3.27,3.28,0.07,1986
222,43,임호균,롯데,3,8,0,19,16,89.3,2.72,4.63,0.40,0.296,75.30,3.32,0.63,3.82,3.70,0.06,1986
223,44,기세봉,OB,0,0,0,1,0,3.0,0.00,0.00,0.00,0.000,0.00,0.00,0.30,2.52,2.07,0.06,1986
224,45,강만식,해태,4,6,2,19,14,72.7,2.97,3.10,0.74,0.321,72.80,4.33,-0.29,3.76,3.64,0.04,1986
225,46,박동경,삼성,0,0,0,1,0,2.7,6.75,6.75,0.00,0.375,80.00,3.38,0.02,2.51,2.82,0.03,1986
226,47,김훈기,삼성,0,1,0,3,1,8.0,1.13,3.38,0.00,0.290,66.70,3.38,-0.03,3.24,2.95,0.03,1986
227,48,오영일,MBC,12,8,0,33,21,132.0,2.93,3.75,0.61,0.283,77.30,3.00,1.26,3.71,3.60,0.02,1986
228,49,김봉근,청,2,0,4,0,1,0.0,0.00,0.00,0.00,0.854,134.70,16.00,0.00,0.00,0.00,0.00,1986
229,50,김신부,청,14,0,10,0,3,0.0,0.00,0.00,0.00,0.828,139.20,83.00,0.00,0.00,0.00,0.00,1986
230,51,김재현,청,2,0,2,0,0,0.0,0.00,0.00,0.00,0.750,250.00,10.00,0.00,0.00,0.00,0.00,1986
231,52,박형열,OB,0,0,0,2,0,2.7,0.00,3.38,0.00,0.111,50.00,3.38,0.02,3.61,3.20,-0.01,1986
232,53,신태순,해태,0,0,0,1,0,1.3,0.00,6.75,0.00,0.444,20.00,20.25,-0.31,4.70,4.32,-0.03,1986
233,54,진동한,삼성,9,4,4,24,10,109.3,3.05,3.38,0.66,0.253,76.60,2.88,1.22,3.60,3.50,-0.05,1986
234,55,정성만,청보,1,7,0,16,10,47.7,3.78,3.78,0.76,0.378,60.20,6.23,-1.72,3.80,3.77,-0.06,1986
235,56,신태중,청보,0,1,0,10,1,24.7,2.55,3.65,0.36,0.366,69.50,4.74,-0.45,3.52,3.37,-0.06,1986
236,57,양일환,삼성,6,3,1,22,12,96.7,3.07,4.38,0.47,0.243,70.60,3.72,0.33,3.70,3.62,-0.06,1986
237,58,김성한b,해태,0,1,0,1,1,3.0,0.00,9.00,0.00,0.167,40.00,9.00,-0.14,5.43,5.07,-0.06,1986
238,59,감사용,OB,0,0,0,1,0,3.0,3.00,0.00,3.00,0.222,125.00,3.00,0.04,5.89,5.74,-0.11,1986
239,60,천성호,청보,0,1,0,5,2,6.3,2.84,4.26,1.42,0.250,58.10,7.11,-0.23,5.03,4.92,-0.14,1986
240,61,김대현,해태,0,2,0,18,2,53.7,3.35,2.85,0.84,0.270,68.70,4.36,-0.46,3.62,3.55,-0.21,1986
241,62,김정수,청보,0,0,0,6,0,7.3,2.45,6.14,1.23,0.346,58.80,6.14,-0.42,5.48,5.35,-0.24,1986
242,63,김상기,청보,0,2,0,5,1,6.3,2.84,7.11,1.42,0.350,51.70,7.11,-0.45,5.95,5.86,-0.24,1986
243,64,전용권,삼성,1,0,0,11,1,28.7,2.20,3.77,0.63,0.239,70.20,3.77,-0.03,3.93,3.75,-0.25,1986
244,65,장명부,빙그레,1,18,0,22,17,108.3,3.99,3.41,1.00,0.319,66.80,4.98,-1.65,3.99,3.98,-0.26,1986
245,66,윤석환,OB,2,4,0,18,10,63.3,1.85,4.26,0.43,0.279,74.40,3.13,0.31,3.96,3.75,-0.27,1986
246,67,김연철,빙그레,4,4,0,18,7,88.0,1.43,1.94,0.72,0.276,70.50,3.27,0.16,3.79,3.51,-0.29,1986
247,68,이충우,롯데,0,1,0,3,1,10.0,1.80,3.60,1.80,0.350,46.50,9.90,-0.69,5.70,5.47,-0.30,1986
248,69,이우상,청보,0,0,0,6,0,9.3,2.89,7.71,0.96,0.286,73.90,5.79,-0.22,5.47,5.40,-0.30,1986
249,70,강상진,해태,1,0,0,10,0,22.7,3.57,4.37,0.79,0.275,64.30,5.16,-0.57,4.18,4.15,-0.30,1986
250,71,정삼흠,MBC,1,2,1,18,12,52.7,3.59,6.15,0.51,0.309,69.40,4.61,-0.67,4.14,4.12,-0.32,1986
251,72,오문현,빙그레,0,2,0,3,2,3.0,0.00,3.00,6.00,0.429,64.50,15.00,-0.37,12.18,11.74,-0.35,1986
252,73,황기선,OB,0,0,0,11,1,24.3,2.22,5.55,0.37,0.305,69.70,4.44,-0.36,4.37,4.21,-0.37,1986
253,74,최상주,해태,0,0,0,8,0,7.3,3.68,11.05,1.23,0.200,36.80,9.82,-0.74,6.67,6.71,-0.37,1986
254,75,황규봉,삼성,3,5,2,13,8,50.0,1.80,3.60,0.72,0.257,67.80,3.96,-0.17,4.20,3.97,-0.38,1986
255,76,박상열,OB,0,6,1,17,7,64.3,2.10,3.92,0.42,0.292,72.00,3.92,-0.07,3.99,3.80,-0.41,1986
256,77,정은배,청보,2,9,3,31,11,105.3,3.50,3.76,0.77,0.310,63.30,4.53,-2.34,3.80,3.74,-0.44,1986
257,78,민문식,빙그레,1,2,0,8,4,16.0,2.81,4.50,1.69,0.241,70.70,5.06,-0.26,5.50,5.39,-0.44,1986
258,79,배경환,롯데,3,2,4,18,8,58.0,2.79,3.72,0.78,0.246,78.90,2.79,0.72,4.09,3.97,-0.48,1986
259,80,정선두,청보,1,2,0,12,2,25.7,1.05,3.16,1.05,0.289,61.50,3.51,-0.71,4.72,4.41,-0.50,1986
260,81,송진호,삼성,0,0,2,6,0,13.7,1.32,1.98,1.98,0.178,92.60,3.29,0.13,5.81,5.51,-0.58,1986
261,82,강철원,청보,0,2,0,8,3,12.0,2.25,3.75,2.25,0.318,62.50,9.00,-0.69,7.01,6.82,-0.60,1986
262,83,안창완,롯데,0,0,0,4,0,6.7,0.00,5.40,4.05,0.269,71.40,6.75,-0.44,10.13,9.72,-0.62,1986
263,84,권기홍,삼성,0,2,0,5,2,12.7,4.97,2.13,3.55,0.317,50.00,9.24,-0.89,7.21,7.28,-0.63,1986
264,85,임재준,빙그레,0,0,0,10,1,27.3,4.94,3.62,1.98,0.222,67.70,5.27,-0.54,4.95,5.04,-0.63,1986
265,86,김재열,빙그레,2,8,1,25,8,89.7,2.41,3.91,0.50,0.279,67.90,3.41,-0.83,4.00,3.84,-0.66,1986
266,87,천창호,빙그레,0,3,1,22,4,38.7,3.96,3.49,1.40,0.298,56.80,5.35,-1.63,4.62,4.61,-0.71,1986
267,88,조호표,빙그레,0,0,0,2,0,2.3,3.86,7.72,19.29,0.406,38.50,54.00,-1.01,31.71,31.65,-0.74,1986
268,89,노상수,롯데,3,5,0,16,10,49.3,2.92,3.65,1.46,0.328,71.80,5.66,-1.04,5.29,5.18,-1.10,1986
269,1,최동원,롯데,20,9,8,42,35,225.0,6.44,1.64,0.28,0.257,76.00,1.92,7.33,1.56,1.79,9.43,1985
270,2,김시진,삼성,25,5,10,47,27,269.7,6.71,4.04,0.27,0.233,82.50,2.00,10.87,2.28,2.57,8.35,1985
271,3,선동열,해태,7,4,8,25,22,111.0,8.35,1.62,0.16,0.247,71.10,1.70,3.36,0.66,1.08,6.59,1985
272,4,김일융,삼성,25,6,0,34,16,226.0,4.26,3.07,0.52,0.267,73.90,2.79,4.39,2.98,3.00,4.30,1985
273,5,박동수,롯데,9,10,0,32,11,168.0,4.50,1.93,0.59,0.275,72.60,2.73,2.53,2.93,2.97,3.07,1985
274,6,장명부,미/청,11,25,5,45,20,246.0,4.68,3.66,0.80,0.340,62.60,5.30,-3.68,3.52,3.60,2.72,1985
275,7,최일언,OB,10,14,3,38,24,144.7,5.47,4.67,0.25,0.270,73.40,2.43,1.87,2.77,2.93,2.44,1985
276,8,황규봉,삼성,14,7,4,34,9,165.7,2.99,2.06,0.65,0.263,73.10,3.04,2.92,3.31,3.19,2.25,1985
277,9,정삼흠,MBC,9,12,5,41,28,192.7,4.62,3.36,0.61,0.264,77.10,3.13,3.34,3.25,3.32,2.15,1985
278,10,계형철,OB,11,11,2,34,14,194.0,3.90,2.92,0.79,0.246,77.70,2.78,4.20,3.56,3.55,1.96,1985
279,11,김용남,해태,11,6,8,43,20,134.7,4.95,1.74,0.94,0.309,65.20,4.48,-0.67,2.97,3.05,1.93,1985
280,12,이선희,MBC,5,7,2,28,9,138.0,3.20,3.59,0.33,0.241,77.30,2.28,3.63,3.25,3.17,1.87,1985
281,13,양상문,롯데,6,3,4,33,20,101.0,5.17,2.23,0.62,0.334,66.30,3.83,-0.71,2.73,2.84,1.74,1985
282,14,배경환,롯데,6,6,0,22,3,98.7,3.47,1.92,0.55,0.261,74.80,2.83,2.00,2.98,2.91,1.72,1985
283,15,김진욱,OB,10,8,0,30,7,143.0,3.59,3.46,0.44,0.273,75.60,3.02,2.53,3.43,3.40,1.62,1985
284,16,문희수,해태,12,8,1,39,11,144.7,3.98,2.99,0.68,0.300,72.70,3.48,1.02,3.38,3.37,1.60,1985
285,17,박철순,OB,1,4,0,9,5,50.3,6.08,2.50,0.36,0.248,67.10,2.68,0.88,2.10,2.31,1.53,1985
286,18,김정행,롯데,7,5,0,19,6,115.3,4.29,4.21,0.47,0.271,78.00,2.73,2.54,3.38,3.42,1.52,1985
287,19,권영호,삼성,6,6,26,54,33,174.7,4.17,3.50,0.72,0.273,75.00,3.50,1.83,3.44,3.46,1.37,1985
288,20,오영일,MBC,8,8,1,28,15,127.3,2.97,3.32,0.42,0.287,73.20,3.53,1.24,3.50,3.39,1.00,1985
289,21,황태환,OB,4,8,1,35,15,97.0,4.64,3.71,0.56,0.252,70.20,3.53,0.72,3.13,3.20,0.99,1985
290,22,조도연,해태,4,6,2,36,7,123.7,3.35,2.55,0.73,0.288,73.20,3.71,0.97,3.52,3.45,0.88,1985
291,23,강만식,해태,13,8,0,41,8,198.7,2.85,1.99,1.00,0.243,77.50,3.31,3.83,4.08,3.95,0.80,1985
292,24,진동한,삼성,4,2,0,24,8,81.7,2.64,3.09,0.33,0.259,68.50,2.98,0.70,3.32,3.18,0.76,1985
293,25,임호균,롯데,10,10,0,27,4,145.0,2.67,4.78,0.50,0.269,74.30,3.23,2.14,4.03,3.91,0.72,1985
294,26,김정수b,MBC,2,3,0,15,3,60.0,3.75,5.70,0.00,0.262,75.60,2.70,1.15,3.31,3.31,0.71,1985
295,27,하기룡,MBC,5,10,2,26,13,111.0,2.51,4.30,0.24,0.275,73.20,2.92,1.42,3.61,3.47,0.70,1985
296,28,박상열,OB,3,6,0,22,5,109.0,2.06,3.39,0.50,0.275,68.20,4.13,0.71,3.91,3.72,0.65,1985
297,29,김성한b,해태,4,3,1,10,7,40.3,2.68,4.02,0.22,0.254,68.40,3.35,0.26,3.17,3.04,0.42,1985
298,30,김용수,MBC,1,2,2,6,4,21.7,5.82,2.91,0.83,0.299,76.30,3.74,0.19,2.75,2.93,0.35,1985
299,31,이충우,롯데,0,0,0,12,10,29.3,3.99,2.45,0.61,0.339,59.70,5.22,-0.70,3.12,3.11,0.25,1985
300,32,김재현,미/청,1,4,0,12,5,46.3,2.72,2.33,0.78,0.321,73.80,3.88,0.14,3.63,3.49,0.25,1985
301,33,정선두,OB,0,1,0,7,5,9.7,2.79,1.86,0.00,0.273,54.50,4.66,-0.01,2.33,2.19,0.22,1985
302,34,송진호,삼성,0,1,0,7,5,12.7,3.55,3.55,0.00,0.417,69.20,5.68,-0.18,2.86,2.82,0.17,1985
303,35,정순명,MBC,0,4,0,7,0,18.0,2.50,3.50,0.50,0.357,57.00,6.00,-0.48,3.67,3.53,0.16,1985
304,36,강철원,OB,0,0,0,3,0,5.3,3.38,1.69,0.00,0.333,75.00,3.38,0.10,2.08,2.01,0.16,1985
305,37,권기홍,삼성,0,0,0,3,2,3.0,9.00,3.00,0.00,0.400,80.00,3.00,0.05,0.68,1.19,0.13,1985
306,38,장호연,OB,7,4,1,29,13,128.7,3.22,4.41,0.63,0.251,70.60,3.50,0.83,4.02,3.95,0.13,1985
307,39,유종겸,MBC,10,8,1,33,17,135.3,2.66,3.46,0.67,0.235,75.30,2.99,2.07,3.94,3.80,0.12,1985
308,40,안창완,롯데,0,1,0,2,0,8.7,4.15,3.12,1.04,0.276,47.20,3.12,-0.18,3.79,3.81,0.08,1985
309,41,조용철,롯데,0,0,0,5,4,7.3,2.45,3.68,0.00,0.467,47.10,9.82,-0.54,3.02,2.87,0.07,1985
310,42,김재박,MBC,1,0,0,1,1,0.7,0.00,0.00,0.00,0.000,0.00,0.00,0.04,2.63,2.19,0.01,1985
311,43,최계훈,미/청,6,6,0,20,12,118.3,4.11,4.18,0.99,0.252,78.00,3.57,1.52,4.24,4.25,0.00,1985
312,44,이길환,MBC,1,2,0,8,2,35.3,1.53,3.82,0.51,0.222,69.40,3.31,0.43,4.36,4.12,0.00,1985
313,45,한오종,OB,0,0,0,1,1,0.3,0.00,54.05,0.00,0.000,100.00,0.00,0.02,20.11,20.21,-0.07,1985
314,46,성낙수,삼성,0,0,0,3,1,4.3,4.15,2.08,2.08,0.357,89.30,4.15,0.01,4.96,4.96,-0.08,1985
315,47,천창호,롯데,1,1,0,7,3,23.0,3.91,2.74,1.17,0.250,65.90,4.70,-0.16,4.08,4.06,-0.08,1985
316,48,인호봉,미/청,0,0,0,4,3,5.3,1.69,1.69,1.69,0.375,52.10,6.75,-0.35,5.07,4.82,-0.10,1985
317,49,황기선,해태,0,1,0,17,6,34.7,3.89,4.93,0.78,0.322,59.90,6.49,-1.01,4.01,4.01,-0.10,1985
318,50,방수원,해태,1,1,0,10,5,23.3,3.47,5.01,0.77,0.206,77.20,3.47,0.30,4.25,4.21,-0.13,1985
319,51,김준희,삼성,0,0,0,1,1,2.0,4.50,4.50,4.50,0.444,43.50,18.00,-0.26,9.14,9.19,-0.14,1985
320,52,김문희,롯데,0,0,0,1,1,2.0,4.50,4.50,4.50,0.286,38.50,13.50,-0.19,9.14,9.19,-0.14,1985
321,53,감사용,삼미/청보,0,1,0,12,7,30.3,5.04,2.37,1.48,0.350,64.40,6.53,-0.85,4.21,4.30,-0.21,1985
322,54,안언학,MBC,0,2,0,10,6,15.0,2.40,5.40,0.60,0.316,45.50,9.00,-0.95,4.87,4.73,-0.21,1985
323,55,신태순,해태,0,6,0,21,11,71.7,3.14,3.64,0.75,0.287,70.20,3.64,-0.35,4.05,3.96,-0.23,1985
324,56,윤석환,OB,5,1,6,41,21,110.3,3.59,2.45,1.06,0.283,77.20,3.34,0.76,3.93,3.88,-0.24,1985
325,57,김기철,해태,0,0,0,5,4,7.3,6.14,6.14,2.45,0.400,70.40,7.36,-0.35,6.18,6.42,-0.25,1985
326,58,차준섭,MBC,0,0,0,3,1,4.3,0.00,0.00,4.15,0.450,48.80,14.54,-0.46,8.65,8.19,-0.27,1985
327,59,김봉근,MBC,2,7,0,21,9,113.3,2.94,2.14,1.27,0.257,79.40,3.34,1.52,4.32,4.20,-0.27,1985
328,60,이광권,MBC,0,0,0,4,2,9.3,0.96,2.89,1.93,0.229,78.40,4.82,-0.03,6.05,5.73,-0.27,1985
329,61,정은배,미/청,7,9,2,29,13,141.0,2.94,3.83,0.89,0.280,75.60,3.64,1.12,4.32,4.21,-0.33,1985
330,62,이상윤,해태,0,2,0,2,0,5.0,3.60,5.40,5.40,0.375,76.90,10.80,-0.29,10.45,10.39,-0.35,1985
331,63,정성만,미/청,7,14,3,37,19,172.7,2.87,3.34,0.99,0.309,69.60,5.00,-0.94,4.34,4.22,-0.39,1985
332,64,이진우,롯데,0,6,3,34,13,69.0,5.74,6.26,1.04,0.323,73.80,4.30,-0.60,4.43,4.64,-0.60,1985
333,65,박정후,미/청,0,3,1,16,6,38.7,3.26,7.91,0.93,0.310,61.80,6.98,-1.41,5.71,5.68,-0.90,1985
334,66,최상주,해태,5,7,0,32,9,31.0,9.29,10.45,2.03,0.301,68.60,12.19,-3.59,6.53,7.13,-1.11,1985
335,67,양일환,삼성,3,5,1,19,8,61.7,2.48,4.09,1.46,0.249,70.90,5.11,-0.56,5.31,5.16,-1.15,1985
336,68,신태중,미/청,3,4,4,34,18,103.7,4.17,3.65,1.48,0.298,66.60,4.77,-2.26,4.80,4.82,-1.52,1985
337,69,오문현,미/청,4,4,0,23,7,75.3,1.91,2.75,2.27,0.309,74.70,6.33,-1.58,6.63,6.40,-2.60,1985
338,1,최동원,롯데,27,13,6,51,42,284.7,7.05,2.15,0.57,0.267,77.00,2.40,6.18,1.99,2.25,8.43,1984
339,2,김일융,삼성,16,10,3,38,25,222.0,6.28,3.16,0.28,0.287,78.10,2.27,5.63,2.05,2.23,6.75,1984
340,3,장명부,삼미,13,20,7,45,33,261.0,4.99,2.27,0.69,0.292,72.80,3.30,2.70,2.73,2.77,4.88,1984
341,4,이상윤,해태,10,13,8,40,28,211.7,5.44,3.10,0.60,0.272,77.80,2.85,3.90,2.76,2.85,3.67,1984
342,5,계형철,OB,14,4,0,29,7,174.7,4.74,3.25,0.41,0.242,83.10,2.06,6.16,2.84,2.87,3.43,1984
343,6,김시진,삼성,19,11,2,39,20,215.0,6.45,4.69,0.59,0.270,73.70,3.18,2.03,3.05,3.27,2.93,1984
344,7,김용남,해태,7,11,1,31,12,132.7,4.61,1.29,0.68,0.279,68.30,3.05,1.26,2.55,2.55,2.87,1984
345,8,최일언,OB,9,6,3,37,11,167.7,4.62,3.49,0.32,0.268,75.40,2.84,2.91,2.81,2.83,2.65,1984
346,9,하기룡,MBC,15,8,1,30,22,178.7,4.08,2.97,0.35,0.283,74.20,2.82,2.57,2.96,2.92,2.62,1984
347,10,최계훈,삼미,8,8,9,34,23,137.3,6.49,3.60,0.59,0.301,69.80,3.54,0.07,2.63,2.84,2.60,1984
348,11,김봉근,MBC,9,7,2,32,16,171.3,3.15,1.94,0.47,0.244,72.00,2.52,3.11,2.97,2.82,2.50,1984
349,12,윤석환,OB,12,8,25,57,44,146.0,6.84,2.65,1.05,0.226,80.60,2.84,2.67,2.76,3.00,2.09,1984
350,13,유종겸,MBC,8,10,4,38,21,183.7,4.21,2.55,0.64,0.280,72.30,3.53,1.46,3.07,3.04,2.04,1984
351,14,황규봉,삼성,10,2,4,30,16,108.0,4.00,2.00,0.33,0.292,73.10,3.25,1.24,2.65,2.59,1.78,1984
352,15,오영일,MBC,15,14,3,40,31,239.7,3.45,2.97,0.60,0.284,77.40,3.08,3.60,3.47,3.37,1.52,1984
353,16,배경환,롯데,6,5,2,35,11,121.7,4.36,2.07,0.74,0.305,71.90,3.48,0.42,3.07,3.05,1.32,1984
354,17,장호연,OB,5,3,1,31,18,102.3,4.13,3.08,0.26,0.238,73.30,1.58,1.67,2.78,2.75,1.26,1984
355,18,주동식,해태,6,5,0,18,10,83.3,2.92,2.27,0.43,0.255,81.20,2.27,2.29,3.01,2.84,1.07,1984
356,19,방수원,해태,1,8,0,25,6,66.0,4.09,2.73,0.27,0.286,58.50,3.82,-0.57,2.85,2.81,1.01,1984
357,20,권영호,삼성,6,8,2,29,7,137.3,3.41,3.74,0.52,0.265,75.90,3.28,2.08,3.51,3.41,0.85,1984
358,21,조도연,해태,4,6,2,35,12,129.0,4.38,3.06,0.77,0.271,70.30,3.34,0.28,3.35,3.34,0.75,1984
359,22,강만식,해태,11,4,0,28,6,129.7,4.16,2.50,0.97,0.263,73.90,3.26,1.06,3.61,3.57,0.67,1984
360,23,박상열,OB,12,7,0,30,6,133.0,3.18,3.32,0.54,0.245,80.20,2.57,3.23,3.67,3.55,0.63,1984
361,24,김진욱,OB,6,11,2,25,8,118.0,3.28,4.42,0.38,0.264,72.60,3.05,1.08,3.70,3.59,0.57,1984
362,25,문희수,해태,0,0,0,5,2,12.7,9.95,3.55,0.00,0.343,66.70,4.26,-0.02,0.78,1.35,0.55,1984
363,26,안창완,롯데,3,3,0,27,4,70.0,5.01,3.60,0.77,0.304,87.70,1.67,1.60,3.41,3.47,0.27,1984
364,27,임호균,롯데,10,9,0,27,12,161.7,2.45,4.45,0.50,0.260,76.80,2.95,2.62,4.02,3.82,0.26,1984
365,28,성낙수,삼성,0,2,0,6,5,15.3,2.35,2.93,0.00,0.356,63.00,4.11,-0.29,2.63,2.40,0.23,1984
366,29,천창호,롯데,1,2,1,18,3,47.0,4.21,3.26,0.57,0.329,65.10,5.17,-0.87,3.40,3.37,0.23,1984
367,30,박정후,삼미,5,11,0,31,9,139.0,3.88,4.53,0.58,0.282,77.00,3.50,1.66,3.89,3.85,0.20,1984
368,31,황기선,해태,4,7,1,38,22,124.3,4.71,3.98,0.72,0.256,65.00,3.76,-1.21,3.53,3.56,0.13,1984
369,32,이광권,MBC,1,3,0,13,7,50.3,2.50,3.93,0.36,0.309,78.20,2.68,0.75,3.72,3.53,0.11,1984
370,33,황태환,OB,0,2,0,17,6,40.0,4.28,3.38,0.68,0.282,84.00,2.48,0.81,3.46,3.44,0.09,1984
371,34,전용권,삼성,0,2,1,13,10,26.3,2.05,3.76,0.00,0.283,66.70,4.44,-0.08,3.40,3.17,0.06,1984
372,35,조용철,롯데,0,0,0,2,2,2.0,9.00,9.00,0.00,0.429,80.00,0.00,-0.01,2.61,3.14,0.03,1984
373,36,박영진,삼성,0,0,0,1,0,1.0,0.00,9.00,0.00,0.600,50.00,18.00,-0.15,2.62,2.14,0.01,1984
374,37,감사용,삼미,0,0,0,1,1,2.3,0.00,3.86,0.00,0.250,100.00,0.00,0.13,3.87,3.43,-0.01,1984
375,38,김덕열,삼미,0,0,0,2,0,2.0,4.50,4.50,0.00,0.500,33.30,18.00,-0.31,4.12,4.14,-0.02,1984
376,39,진동한,삼성,0,0,0,2,0,5.0,0.00,9.00,0.00,0.063,83.30,1.80,0.20,4.95,4.54,-0.05,1984
377,40,김재현,삼미,3,4,0,24,9,89.7,4.32,3.11,1.00,0.294,67.20,4.32,-0.85,3.89,3.87,-0.09,1984
378,41,김상기,삼미,0,0,0,11,6,22.3,2.01,2.82,0.40,0.295,76.70,2.82,0.16,3.87,3.62,-0.10,1984
379,42,이진우,롯데,0,3,1,10,2,22.3,6.85,3.63,2.01,0.282,48.10,4.84,-1.04,4.49,4.74,-0.22,1984
380,43,이윤섭,롯데,0,0,0,6,6,10.0,0.90,4.50,0.90,0.289,70.50,5.40,-0.15,5.09,4.74,-0.23,1984
381,44,강철원,OB,0,0,0,3,0,3.7,0.00,7.36,2.45,0.214,53.60,7.36,-0.22,8.56,8.14,-0.23,1984
382,45,권기홍,삼성,0,0,0,3,1,8.0,0.00,4.50,1.13,0.258,55.60,7.88,-0.34,5.72,5.27,-0.25,1984
383,46,송진호,삼성,0,1,0,12,6,33.0,3.82,7.36,0.27,0.262,60.10,5.45,-0.88,4.17,4.14,-0.27,1984
384,47,이선희,삼성,2,4,0,17,4,51.7,4.01,4.01,1.05,0.313,70.10,4.53,-0.54,4.31,4.27,-0.36,1984
385,48,김현재,해태,0,0,0,4,2,6.7,5.40,8.10,2.70,0.261,53.60,2.70,-0.50,7.40,7.54,-0.36,1984
386,49,김재열,롯데,1,1,1,15,8,36.0,3.50,4.25,1.00,0.271,74.90,4.00,-0.12,4.40,4.31,-0.43,1984
387,50,박덕용,롯데,1,2,0,6,1,19.0,1.89,3.32,1.89,0.239,74.80,5.21,-0.12,5.83,5.56,-0.48,1984
388,51,정순명,MBC,0,3,0,8,0,22.7,2.78,6.75,1.19,0.273,63.50,7.15,-0.59,5.76,5.63,-0.51,1984
389,52,이길환,MBC,3,3,0,12,3,50.0,2.70,1.62,1.62,0.305,65.10,4.86,-0.80,4.80,4.60,-0.57,1984
390,53,오문현,삼미,0,0,0,11,5,29.0,2.17,3.41,1.24,3.030,96.00,5.59,-0.48,5.03,4.80,-0.60,1984
391,54,양일환,삼성,2,5,1,20,7,64.0,2.81,4.64,0.98,0.249,71.30,4.64,-0.19,4.55,4.39,-0.66,1984
392,55,인호봉,삼미,0,0,0,8,4,17.7,2.04,6.62,1.02,0.211,68.50,5.60,-0.40,6.43,6.22,-0.69,1984
393,56,이문한,롯데,1,4,0,16,4,50.0,3.06,3.06,1.44,0.272,65.20,5.58,-0.77,4.77,4.62,-0.71,1984
394,57,김문희,롯데,0,6,0,19,5,56.3,1.92,3.51,1.12,0.317,68.70,5.11,-0.96,4.97,4.71,-0.84,1984
395,58,신태중,삼미,1,6,1,14,4,48.3,5.59,6.33,1.49,0.315,61.10,6.89,-1.85,5.21,5.35,-0.89,1984
396,59,정성만,삼미,8,10,1,29,6,150.0,4.02,4.98,1.20,0.267,72.20,4.86,-0.82,4.73,4.70,-1.56,1984
397,1,장명부,삼미,30,16,6,60,51,427.3,4.63,2.23,0.40,0.279,77.00,2.34,11.45,2.37,2.43,11.40,1983
398,2,이상윤,해태,20,10,6,46,35,229.3,6.99,3.73,0.39,0.265,74.10,2.67,4.37,2.06,2.38,6.80,1983
399,3,김시진,삼성,17,12,1,37,27,229.3,6.04,3.73,0.31,0.272,76.70,2.55,5.26,2.30,2.53,5.99,1983
400,4,최동원,롯데,9,16,4,38,29,208.7,6.38,2.20,0.73,0.297,72.50,2.89,2.45,2.29,2.53,5.43,1983
401,5,이길환,MBC,15,7,4,33,21,208.3,3.63,2.42,0.35,0.265,76.30,2.51,5.23,2.72,2.68,3.99,1983
402,6,하기룡,MBC,10,11,4,36,23,173.7,3.78,2.49,0.21,0.243,72.60,2.33,3.96,2.40,2.38,3.97,1983
403,7,김용남,해태,13,10,1,35,17,181.3,3.97,1.49,0.60,0.268,73.50,2.83,3.41,2.59,2.58,3.75,1983
404,8,임호균,삼미,12,15,2,35,20,234.7,3.30,1.99,0.61,0.279,73.10,3.03,4.08,3.03,2.95,3.71,1983
405,9,계형철,OB,9,12,0,29,10,193.3,4.00,3.35,0.51,0.291,68.60,3.44,1.31,3.20,3.21,2.66,1983
406,10,배경환,롯데,7,4,0,37,12,150.0,3.72,1.92,0.54,0.288,67.60,3.18,0.77,2.79,2.76,2.42,1983
407,11,강만식,해태,6,4,0,22,7,94.0,4.88,2.11,0.48,0.266,66.00,2.78,0.92,2.39,2.47,2.23,1983
408,12,유종겸,MBC,8,7,5,34,20,139.0,4.79,3.24,0.52,0.228,77.00,2.40,3.24,2.85,2.94,2.08,1983
409,13,박상열,OB,10,9,0,30,17,173.3,3.53,2.28,0.57,0.266,79.70,2.49,4.14,3.14,3.10,2.07,1983
410,14,오영일,MBC,10,9,4,36,26,173.0,3.59,3.07,0.42,0.256,75.00,2.91,3.13,3.07,3.04,1.83,1983
411,15,권영호,삼성,6,10,7,32,19,135.0,3.27,3.20,0.47,0.247,69.30,3.20,1.50,3.24,3.17,1.27,1983
412,16,황기선,해태,4,4,1,19,11,66.3,4.61,1.90,0.41,0.230,65.90,2.31,0.64,2.48,2.54,1.18,1983
413,17,이광권,MBC,7,5,0,22,3,100.3,3.14,2.78,0.63,0.271,77.60,2.51,2.14,3.38,3.30,1.08,1983
414,18,양일환,삼성,9,7,1,32,11,176.3,3.22,3.22,0.61,0.252,69.30,3.22,1.42,3.54,3.47,1.06,1983
415,19,황규봉,삼성,6,4,3,30,14,130.0,3.12,2.49,0.69,0.284,69.00,3.67,0.20,3.44,3.35,0.75,1983
416,20,주동식,해태,7,7,3,30,10,134.3,3.75,2.55,0.94,0.251,74.80,3.35,1.47,3.66,3.64,0.63,1983
417,21,노상수,롯데,8,11,3,42,18,169.7,3.66,2.76,0.90,0.282,68.00,4.14,-0.50,3.62,3.59,0.59,1983
418,22,김문희,롯데,8,10,0,34,12,155.3,2.67,3.07,0.70,0.269,72.50,3.48,1.37,3.65,3.53,0.55,1983
419,23,김재현,삼미,2,1,0,12,7,49.0,2.02,2.57,0.18,0.271,63.30,3.31,0.06,3.00,2.81,0.49,1983
420,24,이원국,MBC,1,1,0,8,1,38.7,1.40,3.26,0.23,0.315,61.10,4.42,-0.32,3.59,3.34,0.28,1983
421,25,김성한b,해태,1,1,0,4,1,17.3,4.15,2.60,0.52,0.218,73.90,2.08,0.39,2.91,2.94,0.28,1983
422,26,황태환,OB,6,6,14,39,32,105.3,5.13,3.42,0.94,0.293,77.30,2.65,0.62,3.39,3.51,0.26,1983
423,27,박철순,OB,0,1,0,4,0,10.3,3.48,3.48,0.00,0.286,71.40,3.48,0.21,2.49,2.46,0.26,1983
424,28,박동경,삼성,0,1,0,12,8,22.3,1.61,2.42,0.00,0.296,62.50,4.03,-0.13,3.03,2.79,0.18,1983
425,29,감사용,삼미,0,0,0,6,4,12.3,4.38,2.92,0.73,0.275,68.50,2.92,-0.01,3.08,3.12,0.08,1983
426,30,유종천,삼미,1,2,0,5,1,17.0,3.71,7.41,0.00,0.375,60.00,7.94,-0.59,4.05,4.07,0.03,1983
427,31,신계석,MBC,0,0,0,1,0,2.0,0.00,4.50,0.00,0.417,50.00,9.00,-0.17,3.95,3.57,0.01,1983
428,32,신태중,해태,0,1,0,1,0,0.7,0.00,13.51,0.00,0.833,50.00,40.50,-0.24,6.87,6.57,-0.03,1983
429,33,박석채,MBC,0,0,0,5,1,11.0,3.27,6.55,0.82,0.297,86.00,2.45,0.18,4.74,4.71,-0.15,1983
430,34,천창호,롯데,7,3,0,27,12,81.7,4.19,1.32,1.32,0.286,75.90,3.42,0.03,3.67,3.67,-0.18,1983
431,35,선우대영,OB,4,6,1,17,8,96.7,3.54,2.61,1.21,0.267,76.20,3.91,0.83,4.13,4.09,-0.20,1983
432,36,차준섭,MBC,0,0,0,2,1,3.3,5.40,8.10,2.70,0.000,27.80,8.10,-0.24,8.18,8.37,-0.22,1983
433,37,송진호,삼성,0,1,0,10,3,24.3,2.59,5.55,0.37,0.345,54.60,7.40,-1.09,4.36,4.25,-0.26,1983
434,38,박정후,롯데,0,0,0,3,2,5.3,1.69,10.13,0.00,0.263,28.60,15.19,-0.68,6.92,6.76,-0.26,1983
435,39,방수원,해태,3,5,3,32,7,94.0,2.97,4.69,0.48,0.289,63.80,4.98,-1.50,4.03,3.95,-0.41,1983
436,40,김현재,해태,1,0,0,10,3,24.3,2.22,5.92,0.74,0.326,74.20,4.07,-0.34,5.01,4.86,-0.51,1983
437,41,인호봉,삼미,1,2,0,10,4,38.0,3.32,3.79,1.42,0.250,70.20,4.26,-0.29,4.86,4.81,-0.62,1983
438,42,정순명,MBC,4,3,0,13,4,59.7,2.87,4.22,1.06,0.250,74.50,3.62,0.16,4.72,4.62,-0.69,1983
439,43,김상기,삼미,2,3,0,7,4,31.3,2.87,4.60,1.72,0.219,67.40,5.74,-0.39,5.74,5.64,-0.71,1983
440,44,정선두,OB,3,1,0,15,8,52.0,1.56,3.46,1.04,0.233,82.50,2.60,0.79,4.73,4.49,-0.78,1983
441,45,이윤섭,롯데,0,2,0,12,5,19.7,3.66,1.83,3.20,0.384,58.20,8.24,-1.22,6.54,6.49,-0.80,1983
442,46,오문현,삼미,1,3,0,13,5,37.7,2.87,3.35,1.43,0.250,66.50,5.26,-0.52,5.21,5.10,-0.80,1983
443,47,정성만,삼미,3,5,0,12,4,61.7,3.79,3.94,1.61,0.191,79.90,2.92,0.63,4.87,4.86,-0.80,1983
444,48,김현홍,OB,2,1,1,13,6,43.3,2.49,3.53,1.45,0.286,69.90,4.15,-0.55,5.01,4.86,-0.82,1983
445,49,이진우,롯데,4,9,0,27,5,85.7,3.47,4.31,1.05,0.269,68.10,4.94,-0.68,4.46,4.43,-0.82,1983
446,50,장호연,OB,6,17,2,34,13,155.3,1.80,3.88,0.58,0.283,65.90,4.23,-1.25,4.19,3.98,-0.83,1983
447,51,성낙수,삼성,3,2,0,19,9,55.0,3.44,2.13,1.64,0.290,71.60,4.91,-0.63,4.71,4.65,-0.88,1983
448,52,엄평재,해태,0,2,0,13,9,11.0,9.82,13.09,3.27,0.270,59.10,16.36,-1.92,9.11,9.80,-0.88,1983
449,53,이선희,삼성,5,13,0,29,9,127.0,3.97,4.18,1.20,0.261,74.30,3.76,0.26,4.45,4.46,-0.89,1983
450,54,김덕열,롯데,0,1,0,9,5,21.7,3.74,3.74,2.49,0.288,72.80,6.23,-0.66,6.66,6.64,-0.92,1983
451,55,강철원,OB,4,2,0,17,6,62.7,3.02,3.30,1.72,0.288,68.10,6.32,-1.03,5.42,5.33,-1.26,1983
